chrom	position	ref	base	vaf	depth	count	avg_basequality	avg_pos_as_fraction
XM_031967871.1	1134	G	A	0.41	1277	528	255.0	0.54
XM_031967871.1	1134	G	C	0.03	1277	39	255.0	0.56
XM_031967871.1	1134	G	T	0.14	1277	173	255.0	0.58
XM_031967871.1	1135	C	A	0.05	1283	65	255.0	0.63
XM_031967871.1	1135	C	G	0.01	1283	12	255.0	0.64
XM_031967871.1	1135	C	T	0.41	1283	527	255.0	0.54
XM_031967871.1	1135	C	+GTT	0.01	1283	13	0.0	0.79
XM_031967871.1	1135	C	-C	0.01	1283	12	0.0	0.64
XM_031967871.1	1136	T	A	0.01	1279	8	255.0	0.64
XM_031967871.1	1136	T	C	0.00	1279	4	255.0	0.29
XM_031967871.1	1136	T	G	0.01	1279	9	255.0	0.71
XM_031967871.1	1136	T	-T	0.00	1279	2	0.0	0.92
XM_031967871.1	1137	T	A	0.04	1271	50	255.0	0.45
XM_031967871.1	1137	T	C	0.39	1271	499	255.0	0.5
XM_031967871.1	1137	T	G	0.48	1271	612	255.0	0.55
XM_031967871.1	1137	T	-TATCTTTG	0.01	1271	18	0.0	0.77
